11/20,11/27,12/4,12/11,12/17
EM101001,EM101001,EM101001,em101001,EM101039
EM101002,EM101002,EM101002,EM101003,EM101026
EM101004,EM101003,EM101003,EM101005,EM101040
EM101005,EM101005,EM101004,EM101010,EM101005
EM101010,EM101010,EM101005,EM101011,EM101034
EM101011,EM101011,EM101008,EM101013,Em101013
Em101012,EM101013,EM101010,EM101014,EM101014
EM101014,EM101014,EM101011,EM101018,EM101046
EM101018,EM101018,Em101013,EM101020,EM101011
EM101021,Em101021,EM101014,Em101021,EM101037
EM101022,EM101022,EM101015,EM101022,EM101038
EM101026,EM101026,EM101018,EM101026,EM101027
EM101028,EM101027,Em101021,EM101027,em101001
EM101033,EM101028,EM101022,EM101028,EM101015
EM101034,EM101032,EM101026,Em101030,EM101003
EM101049,EM101033,Em101030,EM101032,EM101028
,EM101034,EM101032,EM101034,EM101022
,EM101039,EM101033,EM101039,EM101008
,EM101040,EM101034,EM101040,EM101018
,EM101043,EM101039,EM101041,EM101032
,Em101046,EM101040,EM101043,
,,EM101041,,